{
  "genesis_time": "2019-08-16T02:59:17.473432Z",
  "chain_id": "coinexdex-1",
  "consensus_params": {
    "block": {
      "max_bytes": "22020096",
      "max_gas": "-1",
      "time_iota_ms": "1000"
    },
    "evidence": {
      "max_age": "1000000"
    },
    "validator": {
      "pub_key_types": [
        "ed25519"
      ]
    }
  },
  "app_hash": "",
  "app_state": {
    "accounts": [
      {
        "address": "coinex1gc5t98jap4zyhmhmyq5af5s7pyv57w5694el97",
        "coins": [
          {
            "denom": "cet",
            "amount": "31500000000000000"
          }
        ],
        "sequence_number": "0",
        "account_number": "0",
        "original_vesting": [],
        "delegated_free": [],
        "delegated_vesting": [],
        "start_time": "0",
        "end_time": "0",
        "module_name": "",
        "module_permissions": null
      },
      {
        "address": "coinex1y5kdxnzn2tfwayyntf2n28q8q2s80mcul852ke",
        "coins": [
          {
            "denom": "cet",
            "amount": "288800000000000000"
          }
        ],
        "sequence_number": "0",
        "account_number": "0",
        "original_vesting": [],
        "delegated_free": [],
        "delegated_vesting": [],
        "start_time": "0",
        "end_time": "0",
        "module_name": "",
        "module_permissions": null
      },
      {
        "address": "coinex133w8vwj73s4h2uynqft9gyyy52cr6rg8dskv3h",
        "coins": [
          {
            "denom": "cet",
            "amount": "88500000000000000"
          }
        ],
        "sequence_number": "0",
        "account_number": "0",
        "original_vesting": [],
        "delegated_free": [],
        "delegated_vesting": [],
        "start_time": "0",
        "end_time": "0",
        "module_name": "",
        "module_permissions": null
      },
      {
        "address": "coinex1zvf0hx6rpz0n7dkuzu34s39dnsyr8eygqs8h3q",
        "coins": [
          {
            "denom": "cet",
            "amount": "36000000000000000"
          }
        ],
        "sequence_number": "0",
        "account_number": "0",
        "original_vesting": [
          {
            "denom": "cet",
            "amount": "36000000000000000"
          }
        ],
        "delegated_free": [],
        "delegated_vesting": [],
        "start_time": "0",
        "end_time": "1577836800",
        "module_name": "",
        "module_permissions": null
      },
      {
        "address": "coinex1rfeae36tmm9t3gzacfq59hnv9j7fnaed3m4hhg",
        "coins": [
          {
            "denom": "cet",
            "amount": "36000000000000000"
          }
        ],
        "sequence_number": "0",
        "account_number": "0",
        "original_vesting": [
          {
            "denom": "cet",
            "amount": "36000000000000000"
          }
        ],
        "delegated_free": [],
        "delegated_vesting": [],
        "start_time": "0",
        "end_time": "1609459200",
        "module_name": "",
        "module_permissions": null
      },
      {
        "address": "coinex1ekevrsx6s853fqjt6rln9r84u8cwuft7e4wp47",
        "coins": [
          {
            "denom": "cet",
            "amount": "36000000000000000"
          }
        ],
        "sequence_number": "0",
        "account_number": "0",
        "original_vesting": [
          {
            "denom": "cet",
            "amount": "36000000000000000"
          }
        ],
        "delegated_free": [],
        "delegated_vesting": [],
        "start_time": "0",
        "end_time": "1640995200",
        "module_name": "",
        "module_permissions": null
      },
      {
        "address": "coinex1p9ek7d3r9z4l288v4lrkwwrnh9k5htezk2q68g",
        "coins": [
          {
            "denom": "cet",
            "amount": "36000000000000000"
          }
        ],
        "sequence_number": "0",
        "account_number": "0",
        "original_vesting": [
          {
            "denom": "cet",
            "amount": "36000000000000000"
          }
        ],
        "delegated_free": [],
        "delegated_vesting": [],
        "start_time": "0",
        "end_time": "1672531200",
        "module_name": "",
        "module_permissions": null
      },
      {
        "address": "coinex1qyy6tvx7ymw44t4444sfmexpvczchr0tcp2p6p",
        "coins": [
          {
            "denom": "cet",
            "amount": "36000000000000000"
          }
        ],
        "sequence_number": "0",
        "account_number": "0",
        "original_vesting": [
          {
            "denom": "cet",
            "amount": "36000000000000000"
          }
        ],
        "delegated_free": [],
        "delegated_vesting": [],
        "start_time": "0",
        "end_time": "1704067200",
        "module_name": "",
        "module_permissions": null
      }
    ],
    "auth": {
      "params": {
        "max_memo_characters": "512",
        "tx_sig_limit": "7",
        "tx_size_cost_per_byte": "10",
        "sig_verify_cost_ed25519": "590",
        "sig_verify_cost_secp256k1": "1000"
      }
    },
    "authx": {
      "params": {
        "min_gas_price_limit": "20.000000000000000000"
      },
      "accountxs": null
    },
    "bank": {
      "send_enabled": true
    },
    "bankx": {
      "params": {
        "activation_fee": "100000000",
        "lock_coins_fee": "10000000000"
      }
    },
    "staking": {
      "params": {
        "unbonding_time": "1814400000000000",
        "max_validators": 42,
        "max_entries": 7,
        "bond_denom": "cet"
      },
      "last_total_power": "0",
      "last_validator_powers": null,
      "validators": null,
      "delegations": null,
      "unbonding_delegations": null,
      "redelegations": null,
      "exported": false
    },
    "stakingx": {
      "params": {
        "min_self_delegation": "100000000000000",
        "min_mandatory_commission_rate": "0.050000000000000000"
      }
    },
    "distribution": {
      "fee_pool": {
        "community_pool": null
      },
      "community_tax": "0.020000000000000000",
      "base_proposer_reward": "0.010000000000000000",
      "bonus_proposer_reward": "0.040000000000000000",
      "withdraw_addr_enabled": true,
      "delegator_withdraw_infos": null,
      "previous_proposer": "",
      "outstanding_rewards": null,
      "validator_accumulated_commissions": null,
      "validator_historical_rewards": null,
      "validator_current_rewards": null,
      "delegator_starting_infos": null,
      "validator_slash_events": null
    },
    "gov": {
      "starting_proposal_id": "1",
      "deposits": null,
      "votes": null,
      "proposals": null,
      "deposit_params": {
        "min_deposit": [
          {
            "denom": "cet",
            "amount": "1000000000000"
          }
        ],
        "max_deposit_period": "1209600000000000"
      },
      "voting_params": {
        "voting_period": "1209600000000000"
      },
      "tally_params": {
        "quorum": "0.400000000000000000",
        "threshold": "0.500000000000000000",
        "veto": "0.334000000000000000"
      }
    },
    "crisis": {
      "constant_fee": {
        "denom": "cet",
        "amount": "35000000000000"
      }
    },
    "slashing": {
      "params": {
        "max_evidence_age": "1814400000000000",
        "signed_blocks_window": "10000",
        "min_signed_per_window": "0.050000000000000000",
        "downtime_jail_duration": "600000000000",
        "slash_fraction_double_sign": "0.050000000000000000",
        "slash_fraction_downtime": "0.000100000000000000"
      },
      "signing_infos": {},
      "missed_blocks": {}
    },
    "asset": {
      "params": {
        "issue_token_fee": [
          {
            "denom": "cet",
            "amount": "1000000000000"
          }
        ],
        "issue_rare_token_fee": [
          {
            "denom": "cet",
            "amount": "10000000000000"
          }
        ]
      },
      "tokens": [
        {
          "type": "asset/BaseToken",
          "value": {
            "name": "CoinEx Chain Native Token",
            "symbol": "cet",
            "total_supply": "587767527061317189",
            "send_lock": "0",
            "owner": "coinex133w8vwj73s4h2uynqft9gyyy52cr6rg8dskv3h",
            "mintable": false,
            "burnable": true,
            "addr_forbiddable": false,
            "token_forbiddable": false,
            "total_burn": "412232472938682811",
            "total_mint": "0",
            "is_forbidden": false,
            "url": "https://www.coinex.org",
            "description": "Decentralized public chain ecosystem, Born for financial liberalization",
            "identity": ""
          }
        },
        {
          "type": "asset/BaseToken",
          "value": {
            "name": "ABC Chain Native Token",
            "symbol": "abc",
            "total_supply": "588788547005740000",
            "send_lock": "0",
            "owner": "coinex15fvnexrvsm9ryw3nn4mcrnqyhvhazkkrd4aqvd",
            "mintable": false,
            "burnable": true,
            "addr_forbiddable": false,
            "token_forbiddable": false,
            "total_burn": "411211452994260000",
            "total_mint": "0",
            "is_forbidden": false,
            "url": "",
            "description": "",
            "identity": ""
          }
        }
      ],
      "whitelist": [],
      "forbidden_addresses": []
    },
    "market": {
      "params": {
        "create_market_fee": "1000000000000",
        "fixed_trade_fee": "1000000",
        "market_min_expired_time": "604800",
        "gte_order_lifetime": "10000",
        "gte_order_feature_fee_by_blocks": "6000000",
        "max_executed_price_change_ratio": "25",
        "market_fee_rate": "10",
        "market_fee_min": "1000000",
        "fee_for_zero_deal": "1000000"
      },
      "orders": [
        {
          "sender": "coinex15fvnexrvsm9ryw3nn4mcrnqyhvhazkkrd4aqvd",
          "sequence": "100",
          "trading_pair": "abc/cet",
          "order_type": 2,
          "price": "100.000000000000000000",
          "quantity": "100000",
          "side": 1,
          "time_in_force": "10092839",
          "height": "100",
          "frozen_fee": "0",
          "exist_blocks": "0",
          "left_stock": "0",
          "freeze": "0",
          "deal_stock": "0",
          "deal_money": "0"
        },
        {
          "sender": "coinex15fvnexrvsm9ryw3nn4mcrnqyhvhazkkrd4aqvd",
          "sequence": "170",
          "trading_pair": "btc/cet",
          "order_type": 2,
          "price": "121920.000000000000000000",
          "quantity": "100000",
          "side": 1,
          "time_in_force": "1002682839",
          "height": "100",
          "frozen_fee": "0",
          "exist_blocks": "0",
          "left_stock": "0",
          "freeze": "0",
          "deal_stock": "0",
          "deal_money": "0"
        }
      ],
      "market_infos": [
        {
          "stock": "abc",
          "money": "cet",
          "price_precision": 8,
          "last_executed_price": "8568.000000000000000000"
        }
      ]
    },
    "bancorlite": {
      "params": {
        "create_bancor_fee": "10000000000",
        "cancel_bancor_fee": "10000000000",
        "trade_fee_rate": "10"
      },
      "bancor_info_map": {}
    },
    "comment": {
      "comment_count": {}
    },
    "alias": {
      "params": {
        "fee_for_alias_length_2": "2000000",
        "fee_for_alias_length_3": "300000",
        "fee_for_alias_length_4": "40000",
        "fee_for_alias_length_5": "5000",
        "fee_for_alias_length_6": "600",
        "fee_for_alias_length_7_or_higher": "70",
        "max_alias_count": "5"
      },
      "alias_entry_list": null
    },
    "incentive": {
      "state": {
        "height_adjustment": "0"
      },
      "params": {
        "default_reward_per_block": 0,
        "plans": [
          {
            "start_height": "0",
            "end_height": "10512000",
            "reward_per_block": "1000000000",
            "total_incentive": "10512000000000000"
          },
          {
            "start_height": "10512000",
            "end_height": "21024000",
            "reward_per_block": "800000000",
            "total_incentive": "8409600000000000"
          },
          {
            "start_height": "21024000",
            "end_height": "31536000",
            "reward_per_block": "600000000",
            "total_incentive": "6307200000000000"
          },
          {
            "start_height": "31536000",
            "end_height": "42048000",
            "reward_per_block": "400000000",
            "total_incentive": "4204800000000000"
          },
          {
            "start_height": "42048000",
            "end_height": "52560000",
            "reward_per_block": "200000000",
            "total_incentive": "2102400000000000"
          }
        ]
      }
    },
    "supply": {
      "supply": []
    },
    "genutil": {
      "gentxs": [
        {
          "type": "cosmos-sdk/StdTx",
          "value": {
            "msg": [
              {
                "type": "cosmos-sdk/MsgCreateValidator",
                "value": {
                  "description": {
                    "moniker": "node0",
                    "identity": "node0",
                    "website": "http://node0.coinexchain.org",
                    "details": ""
                  },
                  "commission": {
                    "rate": "0.100000000000000000",
                    "max_rate": "0.200000000000000000",
                    "max_change_rate": "0.010000000000000000"
                  },
                  "min_self_delegation": "10000000000000000",
                  "delegator_address": "coinex1nvc8wu6kzy3pvse2ppzepkg9qmrecm8rl2pq8x",
                  "validator_address": "coinexvaloper1nvc8wu6kzy3pvse2ppzepkg9qmrecm8ry9zgfj",
                  "pubkey": "coinexvalconspub1addwnpepq2qpqmwqwuk06latryacwr64wg64kldtyfyjsw6me0wusdu3gjhvgvk8523",
                  "value": {
                    "denom": "cet",
                    "amount": "10000000000000000"
                  }
                }
              }
            ],
            "fee": {
              "amount": [
                {
                  "denom": "cet",
                  "amount": "10"
                }
              ],
              "gas": "200000"
            },
            "signatures": [
              {
                "pub_key": {
                  "type": "tendermint/PubKeySecp256k1",
                  "value": "AoAQbcB3LP1/qxk7hw9VcjVbfasiSSg7W8vdyDeRRK7E"
                },
                "signature": "WwEGuZ8VuwcuAcBNphAUTRh4Iay6lhXh5D977PDnuapFsoNpQMUSbYHReq6UMK0EsDhD5/Bg1sE4f/N/CvOtOA=="
              }
            ],
            "memo": ""
          }
        }
      ]
    }
  }
}
