{
  "app_hash": "",
  "app_state": {
    "accounts": [
      {
        "account_number": "0",
        "address": "coinex1gc5t98jap4zyhmhmyq5af5s7pyv57w5694el97",
        "coins": [
          {
            "amount": "31536000000000000",
            "denom": "cet"
          }
        ],
        "delegated_free": [],
        "delegated_vesting": [],
        "end_time": "0",
        "module_name": "",
        "module_permissions": [
          ""
        ],
        "original_vesting": [],
        "sequence_number": "0",
        "start_time": "0"
      },
      {
        "account_number": "0",
        "address": "coinex1drkq5407rlm2eqcatzdslvwxtxcph89vaevuy8",
        "coins": [
          {
            "amount": "287767527061317189",
            "denom": "cet"
          }
        ],
        "delegated_free": [],
        "delegated_vesting": [],
        "end_time": "0",
        "module_name": "",
        "module_permissions": [
          ""
        ],
        "original_vesting": [],
        "sequence_number": "0",
        "start_time": "0"
      },
      {
        "account_number": "0",
        "address": "coinex1cfg6fld5snhrmjdjh29msgqn4luf5ugqt96h0s",
        "coins": [
          {
            "amount": "88464000000000000",
            "denom": "cet"
          }
        ],
        "delegated_free": [],
        "delegated_vesting": [],
        "end_time": "0",
        "module_name": "",
        "module_permissions": [
          ""
        ],
        "original_vesting": [],
        "sequence_number": "0",
        "start_time": "0"
      },
      {
        "account_number": "0",
        "address": "coinex1n996vusm2e592y35t7p95aj7gfpxkzt8v3nqcd",
        "coins": [
          {
            "amount": "36000000000000000",
            "denom": "cet"
          }
        ],
        "delegated_free": [],
        "delegated_vesting": [],
        "end_time": "1577836800",
        "module_name": "",
        "module_permissions": [
          ""
        ],
        "original_vesting": [
          {
            "amount": "36000000000000000",
            "denom": "cet"
          }
        ],
        "sequence_number": "0",
        "start_time": "0"
      },
      {
        "account_number": "0",
        "address": "coinex1wdh5fsl5duv0yhky2cx3jfqgc0nvt73kzq60c9",
        "coins": [
          {
            "amount": "36000000000000000",
            "denom": "cet"
          }
        ],
        "delegated_free": [],
        "delegated_vesting": [],
        "end_time": "1609459200",
        "module_name": "",
        "module_permissions": [
          ""
        ],
        "original_vesting": [
          {
            "amount": "36000000000000000",
            "denom": "cet"
          }
        ],
        "sequence_number": "0",
        "start_time": "0"
      },
      {
        "account_number": "0",
        "address": "coinex1hvwyuk60ehlcfpk85l3ere205hec5fm0c7vcxh",
        "coins": [
          {
            "amount": "36000000000000000",
            "denom": "cet"
          }
        ],
        "delegated_free": [],
        "delegated_vesting": [],
        "end_time": "1640995200",
        "module_name": "",
        "module_permissions": [
          ""
        ],
        "original_vesting": [
          {
            "amount": "36000000000000000",
            "denom": "cet"
          }
        ],
        "sequence_number": "0",
        "start_time": "0"
      },
      {
        "account_number": "0",
        "address": "coinex16lvmlnvuze2sym63cc8vm5wqz577z6y6ehwt7a",
        "coins": [
          {
            "amount": "36000000000000000",
            "denom": "cet"
          }
        ],
        "delegated_free": [],
        "delegated_vesting": [],
        "end_time": "1672531200",
        "module_name": "",
        "module_permissions": [
          ""
        ],
        "original_vesting": [
          {
            "amount": "36000000000000000",
            "denom": "cet"
          }
        ],
        "sequence_number": "0",
        "start_time": "0"
      },
      {
        "account_number": "0",
        "address": "coinex1gfzu2zyzwmt9e7lqmdr27pe939fvpvddpuqxpt",
        "coins": [
          {
            "amount": "36000000000000000",
            "denom": "cet"
          }
        ],
        "delegated_free": [],
        "delegated_vesting": [],
        "end_time": "1704067200",
        "module_name": "",
        "module_permissions": [
          ""
        ],
        "original_vesting": [
          {
            "amount": "36000000000000000",
            "denom": "cet"
          }
        ],
        "sequence_number": "0",
        "start_time": "0"
      }
    ],
    "alias": {
      "alias_entry_list": [],
      "params": {
        "fee_for_alias_length_2": "2000000",
        "fee_for_alias_length_3": "300000",
        "fee_for_alias_length_4": "40000",
        "fee_for_alias_length_5": "5000",
        "fee_for_alias_length_6": "600",
        "fee_for_alias_length_7_or_higher": "70",
        "max_alias_count": "5"
      }
    },
    "asset": {
      "forbidden_addresses": null,
      "params": {
        "issue_rare_token_fee": [
          {
            "amount": "1000000000000",
            "denom": "cet"
          }
        ],
        "issue_token_fee": [
          {
            "amount": "100000000000",
            "denom": "cet"
          }
        ]
      },
      "tokens": [
        {
          "type": "asset/BaseToken",
          "value": {
            "addr_forbiddable": false,
            "burnable": true,
            "description": "Decentralized public chain ecosystem, Born for financial liberalization",
            "identity": "B8E2E010853148F5",
            "is_forbidden": false,
            "mintable": false,
            "name": "CoinEx Chain Native Token",
            "owner": "coinex1cfg6fld5snhrmjdjh29msgqn4luf5ugqt96h0s",
            "send_lock": "0",
            "symbol": "cet",
            "token_forbiddable": false,
            "total_burn": "412232472938682811",
            "total_mint": "0",
            "total_supply": "587767527061317189",
            "url": "www.coinex.org"
          }
        }
      ],
      "whitelist": null
    },
    "auth": {
      "params": {
        "max_memo_characters": "512",
        "sig_verify_cost_ed25519": "590",
        "sig_verify_cost_secp256k1": "1000",
        "tx_sig_limit": "7",
        "tx_size_cost_per_byte": "10"
      }
    },
    "authx": {
      "accountxs": [],
      "params": {
        "min_gas_price_limit": "20.000000000000000000"
      }
    },
    "bancorlite": {
      "bancor_info_map": {},
      "params": {
        "cancel_bancor_fee": "10000000000",
        "create_bancor_fee": "10000000000",
        "trade_fee_rate": "10"
      }
    },
    "bank": {
      "send_enabled": true
    },
    "bankx": {
      "params": {
        "activation_fee": "100000000",
        "lock_coins_fee": "10000000000"
      }
    },
    "comment": {
      "comment_count": {}
    },
    "crisis": {
      "constant_fee": {
        "amount": "35000000000000",
        "denom": "cet"
      }
    },
    "distribution": {
      "base_proposer_reward": "0.010000000000000000",
      "bonus_proposer_reward": "0.040000000000000000",
      "community_tax": "0.020000000000000000",
      "delegator_starting_infos": [],
      "delegator_withdraw_infos": [],
      "fee_pool": {
        "community_pool": []
      },
      "outstanding_rewards": [],
      "previous_proposer": "",
      "validator_accumulated_commissions": [],
      "validator_current_rewards": [],
      "validator_historical_rewards": [],
      "validator_slash_events": [],
      "withdraw_addr_enabled": true
    },
    "distrx": null,
    "genutil": {
      "gentxs": [
        {
          "type": "cosmos-sdk/StdTx",
          "value": {
            "fee": {
              "amount": [],
              "gas": "200000"
            },
            "memo": "e6c37658d66cf677acfa3e4ac9014b998d33bc1b@10.211.55.8:26656",
            "msg": [
              {
                "type": "cosmos-sdk/MsgCreateValidator",
                "value": {
                  "commission": {
                    "max_change_rate": "0.100000000000000000",
                    "max_rate": "1.000000000000000000",
                    "rate": "0.200000000000000000"
                  },
                  "delegator_address": "coinex1cfg6fld5snhrmjdjh29msgqn4luf5ugqt96h0s",
                  "description": {
                    "details": "Initial genesis node.",
                    "identity": "",
                    "moniker": "GenesisNode",
                    "website": "www.coinex.org"
                  },
                  "min_self_delegation": "100000000000000",
                  "pubkey": "coinexvalconspub1zcjduepqddmqvjxtktw6g9mkkn0hdaqpszkqtpv6zt45rru7z5w4hvq07uuqmnwwe3",
                  "validator_address": "coinexvaloper1cfg6fld5snhrmjdjh29msgqn4luf5ugqs2elpy",
                  "value": {
                    "amount": "200000000000000",
                    "denom": "cet"
                  }
                }
              }
            ],
            "signatures": [
              {
                "pub_key": {
                  "type": "tendermint/PubKeySecp256k1",
                  "value": "A2iAW8Nm9gJAw0pee5+piD1EKkVG+FrMKQz1FfOFROOF"
                },
                "signature": "XBpp9/v04zMXZO9nP3o2vMr9AM61nDLtagrp6css3BNMDXM2Pm0xfsUb1x3sU3ijGiN56hvtF2rPHOmWwqHRgg=="
              }
            ]
          }
        }
      ]
    },
    "gov": {
      "deposit_params": {
        "max_deposit_period": "86400000000000",
        "min_deposit": [
          {
            "amount": "1000000000000",
            "denom": "cet"
          }
        ]
      },
      "deposits": null,
      "proposals": null,
      "starting_proposal_id": "1",
      "tally_params": {
        "quorum": "0.400000000000000000",
        "threshold": "0.500000000000000000",
        "veto": "0.334000000000000000"
      },
      "votes": null,
      "voting_params": {
        "voting_period": "86400000000000"
      }
    },
    "incentive": {
      "params": {
        "default_reward_per_block": 0,
        "plans": [
          {
            "end_height": "10512000",
            "reward_per_block": "1000000000",
            "start_height": "0",
            "total_incentive": "10512000000000000"
          },
          {
            "end_height": "21024000",
            "reward_per_block": "800000000",
            "start_height": "10512000",
            "total_incentive": "8409600000000000"
          },
          {
            "end_height": "31536000",
            "reward_per_block": "600000000",
            "start_height": "21024000",
            "total_incentive": "6307200000000000"
          },
          {
            "end_height": "42048000",
            "reward_per_block": "400000000",
            "start_height": "31536000",
            "total_incentive": "4204800000000000"
          },
          {
            "end_height": "52560000",
            "reward_per_block": "200000000",
            "start_height": "42048000",
            "total_incentive": "2102400000000000"
          }
        ]
      },
      "state": {
        "height_adjustment": "0"
      }
    },
    "market": {
      "market_infos": [],
      "orders": [],
      "params": {
        "create_market_fee": "1000000000000",
        "fee_for_zero_deal": "1000000",
        "fixed_trade_fee": "1000000",
        "gte_order_feature_fee_by_blocks": "6000000",
        "gte_order_lifetime": "10000",
        "market_fee_min": "1000000",
        "market_fee_rate": "10",
        "market_min_expired_time": "604800",
        "max_executed_price_change_ratio": "25"
      }
    },
    "params": null,
    "slashing": {
      "missed_blocks": {},
      "params": {
        "downtime_jail_duration": "600000000000",
        "max_evidence_age": "1814400000000000",
        "min_signed_per_window": "0.050000000000000000",
        "signed_blocks_window": "10000",
        "slash_fraction_double_sign": "0.050000000000000000",
        "slash_fraction_downtime": "0.000100000000000000"
      },
      "signing_infos": {}
    },
    "staking": {
      "delegations": null,
      "exported": false,
      "last_total_power": "0",
      "last_validator_powers": null,
      "params": {
        "bond_denom": "cet",
        "max_entries": 7,
        "max_validators": 42,
        "unbonding_time": "3600000000000"
      },
      "redelegations": null,
      "unbonding_delegations": null,
      "validators": null
    },
    "stakingx": {
      "params": {
        "min_mandatory_commission_rate": "0.050000000000000000",
        "min_self_delegation": "1000000000000",
        "non_bondable_addresses": [
          "coinex1gc5t98jap4zyhmhmyq5af5s7pyv57w5694el97",
          "coinex1cfg6fld5snhrmjdjh29msgqn4luf5ugqt96h0s",
          "coinex1n996vusm2e592y35t7p95aj7gfpxkzt8v3nqcd",
          "coinex1wdh5fsl5duv0yhky2cx3jfqgc0nvt73kzq60c9",
          "coinex1hvwyuk60ehlcfpk85l3ere205hec5fm0c7vcxh",
          "coinex16lvmlnvuze2sym63cc8vm5wqz577z6y6ehwt7a",
          "coinex1gfzu2zyzwmt9e7lqmdr27pe939fvpvddpuqxpt"
        ]
      }
    },
    "supply": {
      "supply": []
    }
  },
  "chain_id": "coinexdex-test2000",
  "consensus_params": {
    "block": {
      "max_bytes": "22020096",
      "max_gas": "-1",
      "time_iota_ms": "1000"
    },
    "evidence": {
      "max_age": "1000000"
    },
    "validator": {
      "pub_key_types": [
        "ed25519"
      ]
    }
  },
  "genesis_time": "2019-08-13T14:10:07.851481982Z"
}
